branch_id,branch_ref,branch_state,tip_commit,reachable_commit_count
B01,refs/heads/docs/rebuild-documentation-audit,local,3ca9dbd7c510c2bddfdc5984b6eaa6d33cb44b7f,2580
B02,refs/heads/master,local,38b1e50014f97e47ddc670bed29c66e2fbb69852,2602
B03,refs/remotes/origin/agent/http-query-stage-1,origin-live,d20bdf3c3d9e8f60e4727efcb9dfd67d450e789b,7
B04,refs/remotes/origin/dependabot/composer/docs/dev/livewire-(Laravel)/livewirekit-dropdowns/demo/guzzlehttp/guzzle-7.4.5,stale-origin-tracking,556e21698fb0ee387c4363c4a654ed0b1416e82a,1188
B05,refs/remotes/origin/dependabot/composer/docs/dev/livewire-(Laravel)/livewirekit-dropdowns/demo/guzzlehttp/psr7-1.9.1,stale-origin-tracking,737d488add2bfa0ecd93ec22ab5dadfa060be8ea,1292
B06,refs/remotes/origin/dependabot/composer/docs/dev/livewire-(Laravel)/livewirekit-dropdowns/demo/laravel/framework-8.83.28,stale-origin-tracking,b5334aebfec7559e13455125a3a4c09c9679826e,2026
B07,refs/remotes/origin/dependabot/composer/docs/dev/livewire-(Laravel)/livewirekit-dropdowns/demo/livewire/livewire-2.12.7,stale-origin-tracking,3950fbdccb07da25f22936f105927a79836fc648,2026
B08,refs/remotes/origin/dependabot/composer/docs/dev/livewire-(Laravel)/livewirekit-dropdowns/demo/nesbot/carbon-2.72.6,stale-origin-tracking,5208afb35666a3d1742007d299f305e364c4a74f,2043
B09,refs/remotes/origin/dependabot/composer/docs/dev/livewire-(Laravel)/livewirekit-dropdowns/demo/swiftmailer/swiftmailer-6.3.0,stale-origin-tracking,836f24907b1854e002069d74d602ad256805252e,2045
B10,refs/remotes/origin/dependabot/composer/docs/dev/livewire-(Laravel)/livewirekit-dropdowns/demo/symfony/http-foundation-5.4.48,stale-origin-tracking,aabc9b2a74b3a12aadf280ad04c186ade5384e0d,2026
B11,refs/remotes/origin/dependabot/composer/docs/dev/livewire-(Laravel)/livewirekit-dropdowns/demo/symfony/http-kernel-5.4.20,stale-origin-tracking,ec986398dcfe1cc6c9653e3f00c442060d22211a,1266
B12,refs/remotes/origin/dependabot/composer/docs/dev/livewire-(Laravel)/livewirekit-dropdowns/demo/symfony/process-5.4.47,stale-origin-tracking,c383648650e738138a80943dcfefa39764984bd7,2026
B13,refs/remotes/origin/dependabot/composer/docs/extras/livewire-(Laravel)/livewirekit-dropdowns/demo/nesbot/carbon-2.73.0,stale-origin-tracking,03913bf89c932c0159f7427bbcdc053459c47760,2248
B14,refs/remotes/origin/dependabot/composer/docs/extras/livewire-(Laravel)/livewirekit-dropdowns/demo/symfony/http-foundation-5.4.50,stale-origin-tracking,d7fe3c747267c721262316edbde98d993660d856,2370
B15,refs/remotes/origin/dependabot/composer/docs/livewire-(Laravel)/livewirekit-dropdowns/demo/guzzlehttp/guzzle-7.4.5,stale-origin-tracking,b8d17a00f9331251e979c702f56d1325fca332eb,1128
B16,refs/remotes/origin/dependabot/composer/docs/livewire-(Laravel)/livewirekit-dropdowns/demo/guzzlehttp/psr7-1.9.0,stale-origin-tracking,eee0c3323ee116254f5a96b0cae56a54bc7fa20c,1183
B17,refs/remotes/origin/dependabot/composer/docs/livewire-(Laravel)/livewirekit-dropdowns/demo/symfony/http-kernel-5.4.12,stale-origin-tracking,e506d645f27002d3d6cd44b7a9135754a9c1d6d6,1072
B18,refs/remotes/origin/dependabot/composer/guzzlehttp/psr7-2.5.0,stale-origin-tracking,2d3b6a23150cb6828e9ea6e9811e13aec8dc28e4,1292
B19,refs/remotes/origin/dependabot/composer/nyholm/psr7-1.6.1,stale-origin-tracking,dbaab1da6ffb37601bcf937df1f230fe1cd21be0,1294
B20,refs/remotes/origin/dependabot/composer/phpseclib/phpseclib-3.0.19,stale-origin-tracking,e2a109d469627e0bee6b6242530380d9b2e22807,1297
B21,refs/remotes/origin/dependabot/npm_and_yarn/multi-a50d7f32cf,stale-origin-tracking,51887848750bcf8c24d22d40c588fc5d6f3fe4f4,2337
B22,refs/remotes/origin/dependabot/npm_and_yarn/public/assets/third_party/jquery-ui/body-parser-1.20.3,stale-origin-tracking,3ed7c8dbefba51cfc8a74dbf77e9dc26bad490a5,2478
B23,refs/remotes/origin/dependabot/npm_and_yarn/public/assets/third_party/jquery-ui/express-4.22.0,stale-origin-tracking,ebe9b13dc341357cddda4b419bd49fe48f9c187e,2409
B24,refs/remotes/origin/dependabot/npm_and_yarn/public/assets/third_party/tabulator/js-yaml-4.1.1,stale-origin-tracking,cc26f6d5f6089356f21a0c33f23a980eaf98e5ab,2374
B25,refs/remotes/origin/dependabot/npm_and_yarn/public/assets/third_party/tabulator/lodash-4.17.23,stale-origin-tracking,88e85c9513558e5e9e2e5838f7b5c94d8266450e,2455
B26,refs/remotes/origin/dependabot/npm_and_yarn/public/assets/third_party/tabulator/multi-10567fddad,stale-origin-tracking,2258139871968a342253642244f49a5a207bd98a,2241
B27,refs/remotes/origin/dependabot/npm_and_yarn/public/assets/third_party/x-editable/is-my-json-valid-2.20.6,stale-origin-tracking,89a5cd650e433d9d23dac8f00db450fad1adb51a,2202
B28,refs/remotes/origin/dependabot/npm_and_yarn/public/assets/third_party/x-editable/lodash-4.17.23,stale-origin-tracking,aa376500b98fee8da1e57c25403579fbaae0b290,2455
B29,refs/remotes/origin/dependabot/npm_and_yarn/public/assets/third_party/x-editable/multi-072e377670,stale-origin-tracking,99aad64f6b234a70413b43581e6012120a701f59,2192
B30,refs/remotes/origin/dependabot/npm_and_yarn/public/assets/third_party/x-editable/multi-0f25528451,stale-origin-tracking,f754cdcd266a5df7604236144076786a6a63a9ca,2192
B31,refs/remotes/origin/dependabot/npm_and_yarn/public/assets/third_party/x-editable/multi-4e6cc25ef3,stale-origin-tracking,cd408fbb37c967eabacebc365d75d0872a38a0b3,2192
B32,refs/remotes/origin/dependabot/npm_and_yarn/public/assets/third_party/x-editable/multi-75e6bc5210,stale-origin-tracking,6e187e8748db2d294f41f885ecc63e7d9f4c44eb,2385
B33,refs/remotes/origin/dependabot/npm_and_yarn/public/assets/third_party/x-editable/multi-a17d469be7,stale-origin-tracking,a81e8ac0f8bf60f37b3456271c697fbf4e203a8a,2192
B34,refs/remotes/origin/dependabot/npm_and_yarn/public/assets/third_party/x-editable/multi-f18a2d7430,stale-origin-tracking,c96fb485e2538981aa2ad1b005db1b2645be0fbf,2192
B35,refs/remotes/origin/dev,stale-origin-tracking,58def981f1415e04f701b00f33b9ad5eac5797a8,279
B36,refs/remotes/origin/docs/rebuild-documentation-audit,origin-live,60ff474a674ffc9638be0e3d9486ff87c6fa129e,2581
B37,refs/remotes/origin/main,origin-live,27939f7331dda7595eb3026684db6ab74b9c1e18,5
B38,refs/remotes/origin/master,origin-live,38b1e50014f97e47ddc670bed29c66e2fbb69852,2602
